[
    {
        "id": 1,
        "last_name": "Brown",
        "first_name": "David",
        "gender": "Male",
        "date_of_birth": "2013-11-27",
        "birth_city": "Andreaton",
        "address": "057 Griffin Ridges Suite 894\nLake Jessicaland, MI 17749",
        "class": "5F",
        "guardian_name": "Daniel Smith DDS"
    },
    {
        "id": 2,
        "last_name": "Johnson",
        "first_name": "Christy",
        "gender": "Female",
        "date_of_birth": "2012-08-30",
        "birth_city": "Campbellland",
        "address": "631 Tommy Inlet\nWashingtonfort, TX 98248",
        "class": "6F",
        "guardian_name": "Yvonne Davis"
    },
    {
        "id": 3,
        "last_name": "Holmes",
        "first_name": "Mary",
        "gender": "Male",
        "date_of_birth": "2012-11-19",
        "birth_city": "Millsberg",
        "address": "324 Anderson Port\nEast Mercedes, TN 36177",
        "class": "5F",
        "guardian_name": "Heather Manning"
    },
    {
        "id": 4,
        "last_name": "Brown",
        "first_name": "Daniel",
        "gender": "Male",
        "date_of_birth": "2015-03-16",
        "birth_city": "Kaitlynbury",
        "address": "2175 Christopher Valleys\nMcleanmouth, PA 94138",
        "class": "5F",
        "guardian_name": "Miss Olivia Baxter"
    },
    {
        "id": 5,
        "last_name": "Lawrence",
        "first_name": "Alexandra",
        "gender": "Female",
        "date_of_birth": "2013-03-19",
        "birth_city": "Lake Anna",
        "address": "890 Kevin Vista Suite 119\nKaraburgh, CO 19486",
        "class": "5F",
        "guardian_name": "Stephanie Vasquez"
    },
    {
        "id": 6,
        "last_name": "Hammond",
        "first_name": "Thomas",
        "gender": "Female",
        "date_of_birth": "2012-07-29",
        "birth_city": "Port Robin",
        "address": "42200 Pratt Mill Apt. 705\nNew Andrea, CT 74302",
        "class": "6F",
        "guardian_name": "Amber Edwards"
    },
    {
        "id": 7,
        "last_name": "Doyle",
        "first_name": "Jeremy",
        "gender": "Male",
        "date_of_birth": "2014-09-14",
        "birth_city": "Bradytown",
        "address": "1471 Bobby Junction\nVasquezbury, NY 61684",
        "class": "5F",
        "guardian_name": "Robert Park"
    },
    {
        "id": 8,
        "last_name": "Singh",
        "first_name": "Stephen",
        "gender": "Female",
        "date_of_birth": "2013-11-05",
        "birth_city": "Lesterport",
        "address": "686 Curtis Causeway Suite 311\nVelasqueztown, PA 19926",
        "class": "5F",
        "guardian_name": "Jessica Stevenson"
    },
    {
        "id": 9,
        "last_name": "Jensen",
        "first_name": "Nicholas",
        "gender": "Female",
        "date_of_birth": "2014-06-26",
        "birth_city": "Popeton",
        "address": "1552 Walter Curve\nPort Lindaland, NJ 89590",
        "class": "6F",
        "guardian_name": "Louis Benton"
    },
    {
        "id": 10,
        "last_name": "Stephens",
        "first_name": "Courtney",
        "gender": "Male",
        "date_of_birth": "2014-09-14",
        "birth_city": "Lake Sharon",
        "address": "22249 Denise Plain Suite 058\nCaitlynside, TN 01227",
        "class": "5F",
        "guardian_name": "Brittney Kelly"
    },
    {
        "id": 11,
        "last_name": "Hoffman",
        "first_name": "Rhonda",
        "gender": "Male",
        "date_of_birth": "2012-08-12",
        "birth_city": "Grayberg",
        "address": "579 Noah Flats Suite 035\nNew Davidchester, AR 08554",
        "class": "6F",
        "guardian_name": "Natalie Aguirre"
    },
    {
        "id": 12,
        "last_name": "Mcdonald",
        "first_name": "Kendra",
        "gender": "Male",
        "date_of_birth": "2013-07-20",
        "birth_city": "Port Alice",
        "address": "892 Michael Station\nEast Jasonbury, MD 27781",
        "class": "5F",
        "guardian_name": "David Sparks"
    },
    {
        "id": 13,
        "last_name": "Williams",
        "first_name": "Phyllis",
        "gender": "Male",
        "date_of_birth": "2013-05-15",
        "birth_city": "Schneidertown",
        "address": "6449 Harris Mountains\nWilliamchester, CA 29404",
        "class": "6F",
        "guardian_name": "Craig Shaw"
    },
    {
        "id": 14,
        "last_name": "Duffy",
        "first_name": "Dorothy",
        "gender": "Female",
        "date_of_birth": "2013-10-27",
        "birth_city": "Reedberg",
        "address": "2022 Rachel Crossing Apt. 326\nLake Patricktown, AZ 56735",
        "class": "6F",
        "guardian_name": "Ivan Shah"
    },
    {
        "id": 15,
        "last_name": "Powell",
        "first_name": "Jennifer",
        "gender": "Male",
        "date_of_birth": "2013-04-01",
        "birth_city": "Brewershire",
        "address": "05011 Franklin Hill Apt. 828\nCodyfort, WY 87824",
        "class": "6F",
        "guardian_name": "Nichole Miller"
    }
]